CreditScore,AnnualIncome
0,185249.15645785534
1,154979.03169839297
2,184936.58981013013
