CreditScore,AnnualIncome
Good,184936.58981013013
Poor,154979.03169839297
Standard,185249.15645785534
