CreditScore,NumofLoan
Good,5.992140661279911
Poor,7.622134645532722
Standard,6.788704043744834
