CreditScore,NumofLoan
0,2.982529055553466
1,3.894889302710532
2,1.8487211128561813
